-- phpMyAdmin SQL Dump
-- version 5.0.1
-- https://www.phpmyadmin.net/
--
-- Host: 127.0.0.1
-- Generation Time: Mar 24, 2020 at 06:54 AM
-- Server version: 10.4.11-MariaDB
-- PHP Version: 7.4.3

SET SQL_MODE = "NO_AUTO_VALUE_ON_ZERO";
SET AUTOCOMMIT = 0;
START TRANSACTION;
SET time_zone = "+00:00";


/*!40101 SET @OLD_CHARACTER_SET_CLIENT=@@CHARACTER_SET_CLIENT */;
/*!40101 SET @OLD_CHARACTER_SET_RESULTS=@@CHARACTER_SET_RESULTS */;
/*!40101 SET @OLD_COLLATION_CONNECTION=@@COLLATION_CONNECTION */;
/*!40101 SET NAMES utf8mb4 */;

--
-- Database: `empresa`
--

-- --------------------------------------------------------

--
-- Table structure for table `entregan`
--

CREATE TABLE `entregan` (
  `Clave` decimal(5,0) DEFAULT NULL,
  `RFC` char(13) DEFAULT NULL,
  `Numero` decimal(5,0) DEFAULT NULL,
  `Fecha` datetime DEFAULT NULL,
  `Cantidad` decimal(8,2) DEFAULT NULL
) ENGINE=InnoDB DEFAULT CHARSET=utf8mb4;

--
-- Dumping data for table `entregan`
--

INSERT INTO `entregan` (`Clave`, `RFC`, `Numero`, `Fecha`, `Cantidad`) VALUES
('1000', 'AAAA800101', '5000', '0000-00-00 00:00:00', '165.00'),
('1010', 'BBBB800101', '5001', '0000-00-00 00:00:00', '528.00'),
('1020', 'CCCC800101', '5002', '0000-00-00 00:00:00', '582.00'),
('1030', 'DDDD800101', '5003', '0000-00-00 00:00:00', '202.00'),
('1040', 'EEEE800101', '5004', '0000-00-00 00:00:00', '263.00'),
('1050', 'FFFF800101', '5005', '0000-00-00 00:00:00', '503.00'),
('1060', 'GGGG800101', '5006', '0000-00-00 00:00:00', '324.00'),
('1070', 'HHHH800101', '5007', '0000-00-00 00:00:00', '2.00'),
('1080', 'AAAA800101', '5008', '0000-00-00 00:00:00', '86.00'),
('1090', 'BBBB800101', '5009', '0000-00-00 00:00:00', '73.00'),
('1100', 'CCCC800101', '5010', '0000-00-00 00:00:00', '699.00'),
('1110', 'DDDD800101', '5011', '0000-00-00 00:00:00', '368.00'),
('1120', 'EEEE800101', '5012', '0000-00-00 00:00:00', '215.00'),
('1130', 'FFFF800101', '5013', '0000-00-00 00:00:00', '63.00'),
('1140', 'GGGG800101', '5014', '0000-00-00 00:00:00', '219.00'),
('1150', 'HHHH800101', '5015', '0000-00-00 00:00:00', '458.00'),
('1160', 'AAAA800101', '5016', '0000-00-00 00:00:00', '162.00'),
('1170', 'BBBB800101', '5017', '0000-00-00 00:00:00', '180.00'),
('1180', 'CCCC800101', '5018', '0000-00-00 00:00:00', '407.00'),
('1190', 'DDDD800101', '5019', '0000-00-00 00:00:00', '94.00'),
('1200', 'EEEE800101', '5000', '0000-00-00 00:00:00', '177.00'),
('1210', 'FFFF800101', '5001', '0000-00-00 00:00:00', '43.00'),
('1220', 'GGGG800101', '5002', '0000-00-00 00:00:00', '24.00'),
('1230', 'HHHH800101', '5003', '0000-00-00 00:00:00', '530.00'),
('1240', 'AAAA800101', '5004', '0000-00-00 00:00:00', '152.00'),
('1250', 'BBBB800101', '5005', '0000-00-00 00:00:00', '71.00'),
('1260', 'CCCC800101', '5006', '0000-00-00 00:00:00', '460.00'),
('1270', 'DDDD800101', '5007', '0000-00-00 00:00:00', '506.00'),
('1280', 'EEEE800101', '5008', '0000-00-00 00:00:00', '107.00'),
('1290', 'FFFF800101', '5009', '0000-00-00 00:00:00', '132.00'),
('1300', 'GGGG800101', '5010', '0000-00-00 00:00:00', '119.00'),
('1310', 'HHHH800101', '5011', '0000-00-00 00:00:00', '72.00'),
('1320', 'AAAA800101', '5012', '0000-00-00 00:00:00', '698.00'),
('1330', 'BBBB800101', '5013', '0000-00-00 00:00:00', '554.00'),
('1340', 'CCCC800101', '5014', '0000-00-00 00:00:00', '324.00'),
('1350', 'DDDD800101', '5015', '0000-00-00 00:00:00', '272.00'),
('1360', 'EEEE800101', '5016', '0000-00-00 00:00:00', '364.00'),
('1370', 'FFFF800101', '5017', '0000-00-00 00:00:00', '44.00'),
('1380', 'GGGG800101', '5018', '0000-00-00 00:00:00', '302.00'),
('1390', 'HHHH800101', '5019', '0000-00-00 00:00:00', '107.00'),
('1400', 'AAAA800101', '5000', '0000-00-00 00:00:00', '382.00'),
('1410', 'BBBB800101', '5001', '0000-00-00 00:00:00', '601.00'),
('1420', 'CCCC800101', '5002', '0000-00-00 00:00:00', '603.00'),
('1430', 'DDDD800101', '5003', '0000-00-00 00:00:00', '576.00'),
('1000', 'AAAA800101', '5019', '0000-00-00 00:00:00', '254.00'),
('1010', 'BBBB800101', '5018', '0000-00-00 00:00:00', '523.00'),
('1020', 'CCCC800101', '5017', '0000-00-00 00:00:00', '8.00'),
('1030', 'DDDD800101', '5016', '0000-00-00 00:00:00', '295.00'),
('1040', 'EEEE800101', '5015', '0000-00-00 00:00:00', '540.00'),
('1050', 'FFFF800101', '5014', '0000-00-00 00:00:00', '623.00'),
('1060', 'GGGG800101', '5013', '0000-00-00 00:00:00', '692.00'),
('1070', 'HHHH800101', '5012', '0000-00-00 00:00:00', '503.00'),
('1080', 'AAAA800101', '5011', '0000-00-00 00:00:00', '699.00'),
('1090', 'BBBB800101', '5010', '0000-00-00 00:00:00', '421.00'),
('1100', 'CCCC800101', '5009', '0000-00-00 00:00:00', '466.00'),
('1110', 'DDDD800101', '5008', '0000-00-00 00:00:00', '337.00'),
('1120', 'EEEE800101', '5007', '0000-00-00 00:00:00', '692.00'),
('1130', 'FFFF800101', '5006', '0000-00-00 00:00:00', '562.00'),
('1140', 'GGGG800101', '5005', '0000-00-00 00:00:00', '583.00'),
('1150', 'HHHH800101', '5004', '0000-00-00 00:00:00', '453.00'),
('1160', 'AAAA800101', '5019', '0000-00-00 00:00:00', '244.00'),
('1170', 'BBBB800101', '5018', '0000-00-00 00:00:00', '53.00'),
('1180', 'CCCC800101', '5017', '0000-00-00 00:00:00', '334.00'),
('1190', 'DDDD800101', '5016', '0000-00-00 00:00:00', '356.00'),
('1200', 'EEEE800101', '5015', '0000-00-00 00:00:00', '585.00'),
('1210', 'FFFF800101', '5014', '0000-00-00 00:00:00', '70.00'),
('1220', 'GGGG800101', '5013', '0000-00-00 00:00:00', '658.00'),
('1230', 'HHHH800101', '5012', '0000-00-00 00:00:00', '312.00'),
('1240', 'AAAA800101', '5011', '0000-00-00 00:00:00', '366.00'),
('1250', 'BBBB800101', '5010', '0000-00-00 00:00:00', '691.00'),
('1260', 'CCCC800101', '5009', '0000-00-00 00:00:00', '631.00'),
('1270', 'DDDD800101', '5008', '0000-00-00 00:00:00', '546.00'),
('1280', 'EEEE800101', '5007', '0000-00-00 00:00:00', '331.00'),
('1290', 'FFFF800101', '5006', '0000-00-00 00:00:00', '279.00'),
('1300', 'GGGG800101', '5005', '0000-00-00 00:00:00', '521.00'),
('1310', 'HHHH800101', '5019', '0000-00-00 00:00:00', '199.00'),
('1320', 'AAAA800101', '5018', '0000-00-00 00:00:00', '413.00'),
('1330', 'BBBB800101', '5017', '0000-00-00 00:00:00', '93.00'),
('1340', 'CCCC800101', '5016', '0000-00-00 00:00:00', '674.00'),
('1350', 'DDDD800101', '5015', '0000-00-00 00:00:00', '261.00'),
('1360', 'EEEE800101', '5014', '0000-00-00 00:00:00', '265.00'),
('1370', 'FFFF800101', '5013', '0000-00-00 00:00:00', '575.00'),
('1380', 'GGGG800101', '5012', '0000-00-00 00:00:00', '645.00'),
('1390', 'HHHH800101', '5011', '0000-00-00 00:00:00', '697.00'),
('1400', 'AAAA800101', '5010', '0000-00-00 00:00:00', '116.00'),
('1410', 'BBBB800101', '5009', '0000-00-00 00:00:00', '467.00'),
('1420', 'CCCC800101', '5008', '0000-00-00 00:00:00', '278.00'),
('1430', 'DDDD800101', '5007', '0000-00-00 00:00:00', '13.00'),
('1000', 'AAAA800101', '5019', '0000-00-00 00:00:00', '7.00'),
('1010', 'BBBB800101', '5018', '0000-00-00 00:00:00', '667.00'),
('1020', 'CCCC800101', '5017', '0000-00-00 00:00:00', '478.00'),
('1030', 'DDDD800101', '5016', '0000-00-00 00:00:00', '139.00'),
('1040', 'EEEE800101', '5015', '0000-00-00 00:00:00', '546.00'),
('1050', 'FFFF800101', '5014', '0000-00-00 00:00:00', '90.00'),
('1060', 'GGGG800101', '5013', '0000-00-00 00:00:00', '47.00'),
('1070', 'HHHH800101', '5012', '0000-00-00 00:00:00', '516.00'),
('1080', 'AAAA800101', '5011', '0000-00-00 00:00:00', '429.00'),
('1090', 'BBBB800101', '5010', '0000-00-00 00:00:00', '612.00'),
('1100', 'CCCC800101', '5009', '0000-00-00 00:00:00', '523.00'),
('1110', 'DDDD800101', '5008', '0000-00-00 00:00:00', '292.00'),
('1120', 'EEEE800101', '5007', '0000-00-00 00:00:00', '167.00'),
('1130', 'FFFF800101', '5006', '0000-00-00 00:00:00', '673.00'),
('1140', 'GGGG800101', '5005', '0000-00-00 00:00:00', '651.00'),
('1150', 'HHHH800101', '5004', '0000-00-00 00:00:00', '270.00'),
('1160', 'AAAA800101', '5019', '0000-00-00 00:00:00', '665.00'),
('1170', 'BBBB800101', '5018', '0000-00-00 00:00:00', '517.00'),
('1180', 'CCCC800101', '5017', '0000-00-00 00:00:00', '216.00'),
('1190', 'DDDD800101', '5016', '0000-00-00 00:00:00', '622.00'),
('1200', 'EEEE800101', '5015', '0000-00-00 00:00:00', '653.00'),
('1210', 'FFFF800101', '5014', '0000-00-00 00:00:00', '479.00'),
('1220', 'GGGG800101', '5013', '0000-00-00 00:00:00', '653.00'),
('1230', 'HHHH800101', '5012', '0000-00-00 00:00:00', '115.00'),
('1240', 'AAAA800101', '5011', '0000-00-00 00:00:00', '549.00'),
('1250', 'BBBB800101', '5010', '0000-00-00 00:00:00', '690.00'),
('1260', 'CCCC800101', '5009', '0000-00-00 00:00:00', '2.00'),
('1270', 'DDDD800101', '5008', '0000-00-00 00:00:00', '324.00'),
('1280', 'EEEE800101', '5007', '0000-00-00 00:00:00', '448.00'),
('1290', 'FFFF800101', '5006', '0000-00-00 00:00:00', '336.00'),
('1300', 'GGGG800101', '5005', '0000-00-00 00:00:00', '457.00'),
('1310', 'HHHH800101', '5019', '0000-00-00 00:00:00', '463.00'),
('1320', 'AAAA800101', '5018', '0000-00-00 00:00:00', '163.00'),
('1330', 'BBBB800101', '5017', '0000-00-00 00:00:00', '558.00'),
('1340', 'CCCC800101', '5016', '0000-00-00 00:00:00', '11.00'),
('1350', 'DDDD800101', '5015', '0000-00-00 00:00:00', '330.00'),
('1360', 'EEEE800101', '5014', '0000-00-00 00:00:00', '37.00'),
('1370', 'FFFF800101', '5013', '0000-00-00 00:00:00', '423.00'),
('1380', 'GGGG800101', '5012', '0000-00-00 00:00:00', '147.00'),
('1390', 'HHHH800101', '5011', '0000-00-00 00:00:00', '308.00'),
('1400', 'AAAA800101', '5010', '0000-00-00 00:00:00', '441.00'),
('1410', 'BBBB800101', '5009', '0000-00-00 00:00:00', '461.00'),
('1420', 'CCCC800101', '5008', '0000-00-00 00:00:00', '444.00'),
('1430', 'DDDD800101', '5007', '0000-00-00 00:00:00', '506.00');

-- --------------------------------------------------------

--
-- Table structure for table `materiales`
--

CREATE TABLE `materiales` (
  `Clave` decimal(5,0) DEFAULT NULL,
  `Descripcion` varchar(50) DEFAULT NULL,
  `Costo` decimal(8,2) DEFAULT NULL
) ENGINE=InnoDB DEFAULT CHARSET=utf8mb4;

--
-- Dumping data for table `materiales`
--

INSERT INTO `materiales` (`Clave`, `Descripcion`, `Costo`) VALUES
('1000', 'Varilla 3/16', '100.00'),
('1010', 'Varilla 4/32', '115.00'),
('1020', 'Varilla 3/17', '130.00'),
('1030', 'Varilla 4/33', '145.00'),
('1040', 'Varilla 3/18', '160.00'),
('1050', 'Varilla 4/34', '175.00'),
('1060', 'Varilla 3/19', '190.00'),
('1070', 'Varilla 4/35', '205.00'),
('1080', 'Ladrillos rojos', '50.00'),
('1090', 'Ladrillos grises', '35.00'),
('1100', 'Block', '30.00'),
('1110', 'Megablock', '40.00'),
('1120', 'Sillar rosa', '100.00'),
('1130', 'Sillar gris', '110.00'),
('1140', 'Cantera blanca', '200.00'),
('1150', 'Cantera gris', '1210.00'),
('1160', 'Cantera rosa', '1420.00'),
('1170', 'Cantera amarilla', '230.00'),
('1180', 'Recubrimiento P1001', '200.00'),
('1190', 'Recubrimiento P1010', '220.00'),
('1200', 'Recubrimiento P1019', '240.00'),
('1210', 'Recubrimiento P1028', '250.00'),
('1220', 'Recubrimiento P1037', '280.00'),
('1230', 'Cemento ', '300.00'),
('1240', 'Arena', '200.00'),
('1250', 'Grava', '100.00'),
('1260', 'Gravilla', '90.00'),
('1270', 'Tezontle', '80.00'),
('1280', 'Tepetate', '34.00'),
('1290', 'Tuber?a 3.5', '200.00'),
('1300', 'Tuber?a 4.3', '210.00'),
('1310', 'Tuber?a 3.6', '220.00'),
('1320', 'Tuber?a 4.4', '230.00'),
('1330', 'Tuber?a 3.7', '240.00'),
('1340', 'Tuber?a 4.5', '250.00'),
('1350', 'Tuber?a 3.8', '260.00'),
('1360', 'Pintura C1010', '125.00'),
('1370', 'Pintura B1020', '125.00'),
('1380', 'Pintura C1011', '725.00'),
('1390', 'Pintura B1021', '125.00'),
('1400', 'Pintura C1011', '125.00'),
('1410', 'Pintura B1021', '125.00'),
('1420', 'Pintura C1012', '125.00'),
('1430', 'Pintura B1022', '125.00');

-- --------------------------------------------------------

--
-- Table structure for table `proveedores`
--

CREATE TABLE `proveedores` (
  `RFC` char(13) DEFAULT NULL,
  `RazonSocial` varchar(50) DEFAULT NULL
) ENGINE=InnoDB DEFAULT CHARSET=utf8mb4;

--
-- Dumping data for table `proveedores`
--

INSERT INTO `proveedores` (`RFC`, `RazonSocial`) VALUES
('AAAA800101', 'La fragua'),
('BBBB800101', 'Oviedo'),
('CCCC800101', 'La Ferre'),
('DDDD800101', 'Cecoferre'),
('EEEE800101', 'Alvin'),
('FFFF800101', 'Comex'),
('GGGG800101', 'Tabiquera del centro'),
('HHHH800101', 'Tubasa');

-- --------------------------------------------------------

--
-- Table structure for table `proyectos`
--

CREATE TABLE `proyectos` (
  `Numero` decimal(5,0) DEFAULT NULL,
  `Denominacion` varchar(50) DEFAULT NULL
) ENGINE=InnoDB DEFAULT CHARSET=utf8mb4;

--
-- Dumping data for table `proyectos`
--

INSERT INTO `proyectos` (`Numero`, `Denominacion`) VALUES
('5000', 'Vamos Mexico\r'),
('5001', 'Aztecon\r'),
('5002', 'CIT Campeche\r'),
('5003', 'Mexico sin ti no estamos completos\r'),
('5004', 'Educando en Coahuila\r'),
('5005', 'Infonavit Durango\r'),
('5006', 'Reconstruccion del templo de Guadalupe\r'),
('5007', 'Construccion de plaza Magnolias\r'),
('5008', 'Televisa en acci?n\r'),
('5009', 'Disco Atlantic\r'),
('5010', 'Construccion de Hospital Infantil\r'),
('5011', 'Remodelacion de aulas del IPP\r'),
('5012', 'Restauracion de instalaciones del CEA\r'),
('5013', 'Reparacion de la plaza Sonora\r'),
('5014', 'Remodelacion de Soriana\r'),
('5015', 'CIT Yucatan\r'),
('5016', 'Ampliacion de la carretera a la huasteca\r'),
('5017', 'Reparacion de la carretera del sol\r'),
('5018', 'Tu cambio por la educacion\r'),
('5019', 'Queretaro limpio\r');
COMMIT;

/*!40101 SET CHARACTER_SET_CLIENT=@OLD_CHARACTER_SET_CLIENT */;
/*!40101 SET CHARACTER_SET_RESULTS=@OLD_CHARACTER_SET_RESULTS */;
/*!40101 SET COLLATION_CONNECTION=@OLD_COLLATION_CONNECTION */;
